[{
  "_id": 1,
  "internetMegabytes": 12000,
  "unlimitedAccessServices": [
    "YouTube",
    "Instagram",
    "Telegram"
  ],
  "name": "Internet Tariff",
  "clients": 5600,
  "cost": "200",
  "_class": "com.nulp.tariff.InternetTariff"
},{
  "_id": 2,
  "availableCountries": [
    "United Kingdom",
    "USA",
    "Germany",
    "France",
    "Poland",
    "Spain"
  ],
  "availableMinutes": 120,
  "name": "Foreign Calls Tariff",
  "clients": 1600,
  "cost": "140",
  "_class": "com.nulp.tariff.ForeignCallsTariff"
},{
  "_id": 3,
  "availableMinutes": 300,
  "availableMinutesOnOtherOperators": 60,
  "name": "Speaking Tariff",
  "clients": 17800,
  "cost": "100",
  "_class": "com.nulp.tariff.SpeakingTariff"
}]